Year,Week,End of week,Advisor Name,RRSP,RESP,TFSA,Margin,Credit Card,Loan,Mortgage,Ins-Credit Card,Ins- Mortgage,Chequing Acc,Savings Acc
2018,1,07-Jan-18,Denis Hertz,158814,4063,15271,225966,83910,222185,0,64342,0,6,0
2018,2,14-Jan-18,Denis Hertz,128195,22583,0,62908,86736,86694,1401808,55390,0,8,6
2018,3,21-Jan-18,Denis Hertz,0,12715,47186,137169,46213,274680,1346017,22765,0,10,6
2018,4,28-Jan-18,Denis Hertz,201681,18344,12113,97522,59037,0,0,33127,0,4,6
2018,5,04-Feb-18,Denis Hertz,184443,0,26210,160196,0,76595,0,15033,0,5,5
2018,6,11-Feb-18,Denis Hertz,0,0,24052,155459,27903,297949,0,51746,0,9,5
2018,7,18-Feb-18,Denis Hertz,96623,11105,29784,224937,35905,55647,895557,0,0,10,2
2018,8,25-Feb-18,Denis Hertz,184575,16720,38551,51108,69789,155308,315863,44245,0,2,4
2018,9,04-Mar-18,Denis Hertz,75475,5746,28094,118160,14466,89947,0,26523,1756822,3,5
2018,10,11-Mar-18,Denis Hertz,20637,5940,48813,52262,54987,190133,1670949,54406,722436,0,6
2018,11,18-Mar-18,Denis Hertz,0,2523,4306,165675,39844,112531,1970021,68071,771871,4,0
2018,12,25-Mar-18,Denis Hertz,192525,16039,14213,35946,0,69963,0,64858,820291,9,4
2018,13,01-Apr-18,Denis Hertz,228333,5602,19858,71424,82108,115639,0,45430,0,8,6
2018,14,08-Apr-18,Denis Hertz,0,4434,5156,0,9805,256497,0,9237,0,6,5
2018,15,15-Apr-18,Denis Hertz,224799,8356,49094,224219,20343,12134,0,34614,738086,7,8
2018,16,22-Apr-18,Denis Hertz,185029,19255,5710,186148,75094,245673,1045553,72053,215920,0,0
2018,17,29-Apr-18,Denis Hertz,38353,927,1726,115536,58385,56773,921554,64236,0,6,4
2018,18,06-May-18,Denis Hertz,0,17506,2014,119469,22102,30684,0,28048,0,10,9
2018,19,13-May-18,Denis Hertz,147102,22395,47870,6229,37612,203694,0,21086,0,4,3
2018,20,20-May-18,Denis Hertz,117779,19139,23462,34147,58776,95452,583228,68256,0,9,0
2018,21,27-May-18,Denis Hertz,0,14768,16360,58871,35419,115957,0,0,998333,0,4
2018,22,03-Jun-18,Denis Hertz,80939,2648,33406,229732,68921,48011,0,71077,0,3,10
2018,23,10-Jun-18,Denis Hertz,132407,3529,45199,166735,6872,192759,1839009,26742,1456144,7,9
2018,24,17-Jun-18,Denis Hertz,210015,2414,30704,171717,39594,219339,318988,63063,775106,8,5
2018,25,24-Jun-18,Denis Hertz,162655,12342,23653,0,24187,187520,1296730,77872,782859,4,1
2018,26,01-Jul-18,Denis Hertz,0,21770,39219,124223,77114,233032,1296595,68866,450830,10,9
2018,27,08-Jul-18,Denis Hertz,191174,7453,8935,240722,36010,65675,743584,17316,813243,3,5
2018,28,15-Jul-18,Denis Hertz,122635,21511,2677,233352,23325,53554,842021,67810,0,7,4
2018,29,22-Jul-18,Denis Hertz,189670,16425,0,146855,64784,194776,0,44881,1280473,9,4
2018,30,29-Jul-18,Denis Hertz,206430,6052,31186,37259,20154,0,0,76215,454201,8,8
2018,31,05-Aug-18,Denis Hertz,102661,0,6164,124915,22508,172753,0,88932,0,1,1
2018,32,12-Aug-18,Denis Hertz,0,17061,31489,81551,74649,57672,0,83545,0,3,4
2018,33,19-Aug-18,Denis Hertz,20102,16439,6013,55832,89663,173073,402417,68922,0,2,1
2018,34,26-Aug-18,Denis Hertz,133041,0,26232,32699,50596,103298,1904150,12076,0,7,0
2018,35,02-Sep-18,Denis Hertz,171677,19676,5803,141687,77979,219652,0,45871,0,4,0
2018,36,09-Sep-18,Denis Hertz,52975,13081,36394,90173,18543,114316,0,38931,0,5,3
2018,37,16-Sep-18,Denis Hertz,122785,10331,12099,91784,78301,198396,1468501,68818,1383366,0,6
2018,38,23-Sep-18,Denis Hertz,0,2082,40018,158897,0,205750,0,30511,0,9,6
2018,39,30-Sep-18,Denis Hertz,175474,19291,19568,107563,32219,136422,1569191,7913,1089686,3,9
2018,40,07-Oct-18,Denis Hertz,129572,11724,6007,0,48193,106709,1467384,57277,0,1,8
2018,41,14-Oct-18,Denis Hertz,25009,17567,30118,21656,65867,295342,1001186,11186,0,3,4
2018,42,21-Oct-18,Denis Hertz,89449,21493,36179,245415,88471,230765,1068786,16253,0,3,4
2018,43,28-Oct-18,Denis Hertz,89658,15648,7390,153890,50636,265262,0,74566,750663,3,8
2018,44,04-Nov-18,Denis Hertz,0,1043,12677,246716,27005,192587,1137313,69248,0,4,10
2018,45,11-Nov-18,Denis Hertz,106453,1398,43908,224805,59577,132377,0,17379,1307285,10,5
2018,46,18-Nov-18,Denis Hertz,100421,14987,515,8967,76470,263859,1952543,24805,763550,4,2
2018,47,25-Nov-18,Denis Hertz,85332,12538,18791,20063,70294,109554,0,0,1559383,1,8
2018,48,02-Dec-18,Denis Hertz,156037,6993,35988,192078,48057,284477,1887414,4574,758972,9,9
2018,49,09-Dec-18,Denis Hertz,158708,13498,1503,239667,83540,206721,0,60104,0,10,0
2018,50,16-Dec-18,Denis Hertz,218895,14911,41004,1337,44834,173339,0,85032,244959,2,3
2018,51,23-Dec-18,Denis Hertz,0,11092,26836,0,14002,274519,0,11908,912754,1,2
2018,52,30-Dec-18,Denis Hertz,121256,2423,14297,48151,34824,88857,0,7742,1649230,1,4
2018,1,07-Jan-18,John Smith,52985,4415,32811,166138,11412,132283,1239628,14591,0,5,3
2018,2,14-Jan-18,John Smith,99225,20381,15476,5037,57497,95717,0,48294,0,10,8
2018,3,21-Jan-18,John Smith,138582,6568,0,166120,28376,175845,875775,17565,0,10,2
2018,4,28-Jan-18,John Smith,220113,15642,19723,153072,77628,0,474727,10900,1921612,1,8
2018,5,04-Feb-18,John Smith,0,0,802,45024,78750,119505,0,60446,0,1,0
2018,6,11-Feb-18,John Smith,208725,13014,49496,105939,25856,153774,0,33941,1083952,9,3
2018,7,18-Feb-18,John Smith,205017,8127,40363,47818,74924,284231,0,8688,421179,2,7
2018,8,25-Feb-18,John Smith,20816,7209,39739,121655,43602,153244,326351,22190,1889609,10,5
2018,9,04-Mar-18,John Smith,117694,17216,32148,219537,86794,75378,0,78338,0,4,4
2018,10,11-Mar-18,John Smith,201706,3273,10256,210111,60308,258841,0,88356,787332,2,8
2018,11,18-Mar-18,John Smith,172128,19422,23493,88017,37805,159461,721538,12036,480821,1,5
2018,12,25-Mar-18,John Smith,220074,3091,21909,193685,0,298481,0,74374,0,4,10
2018,13,01-Apr-18,John Smith,123464,14588,46396,92116,12593,95646,0,2947,0,8,4
2018,14,08-Apr-18,John Smith,139806,13244,37023,0,51328,14765,0,79455,389282,7,3
2018,15,15-Apr-18,John Smith,115406,12505,17891,130407,82531,262863,0,44339,0,4,7
2018,16,22-Apr-18,John Smith,0,3194,45224,53989,59925,155395,578265,53433,338746,2,3
2018,17,29-Apr-18,John Smith,6369,15764,28924,60830,79584,70998,659715,41354,579220,0,9
2018,18,06-May-18,John Smith,41184,11343,18222,157407,51182,211546,1607600,54434,1888656,8,5
2018,19,13-May-18,John Smith,2023,7631,16360,184316,25223,166265,369314,14603,1092189,2,7
2018,20,20-May-18,John Smith,43530,2198,28198,150526,34988,228726,0,22477,1546968,6,5
2018,21,27-May-18,John Smith,226402,16445,26728,179336,39983,152326,899428,0,0,9,1
2018,22,03-Jun-18,John Smith,223774,2312,22621,115394,13298,215926,0,5427,0,3,6
2018,23,10-Jun-18,John Smith,97671,10694,11429,153472,63992,114678,0,27041,0,7,8
2018,24,17-Jun-18,John Smith,0,13550,18675,223636,13992,44644,1710615,86883,925024,5,6
2018,25,24-Jun-18,John Smith,110783,8653,20107,0,37136,73494,537572,28275,579609,3,5
2018,26,01-Jul-18,John Smith,190970,12829,7145,196423,55708,105965,1778366,80753,1638071,8,2
2018,27,08-Jul-18,John Smith,130220,622,10782,240242,79506,105065,0,6143,0,5,7
2018,28,15-Jul-18,John Smith,107486,2993,27660,115203,35069,65792,432200,24242,694629,0,4
2018,29,22-Jul-18,John Smith,193482,9394,0,125016,68257,36531,0,42988,959915,6,1
2018,30,29-Jul-18,John Smith,167736,12492,41481,191953,64823,147223,0,83701,0,3,6
2018,31,05-Aug-18,John Smith,0,18403,29930,229963,5859,186551,0,71599,0,7,4
2018,32,12-Aug-18,John Smith,17705,2505,18533,6487,7126,281884,0,89285,616738,3,10
2018,33,19-Aug-18,John Smith,39548,22001,40061,60878,28392,155125,0,12705,0,4,8
2018,34,26-Aug-18,John Smith,130938,0,17177,101700,41406,192205,0,14407,0,0,7
2018,35,02-Sep-18,John Smith,86665,9375,1531,2255,87285,80075,0,82293,0,4,7
2018,36,09-Sep-18,John Smith,11048,11928,44017,18889,47784,25775,349294,4719,438818,4,0
2018,37,16-Sep-18,John Smith,0,17419,46314,140696,17296,283665,929026,9303,0,4,8
2018,38,23-Sep-18,John Smith,182169,15335,49264,225078,0,81584,1029013,87607,1547629,9,4
2018,39,30-Sep-18,John Smith,197865,17117,24024,39223,69929,60971,0,69090,633057,6,7
2018,40,07-Oct-18,John Smith,217590,2049,46851,55981,18253,51826,0,60288,0,0,6
2018,41,14-Oct-18,John Smith,4502,752,40632,27470,27959,25080,1265062,81192,0,3,10
2018,42,21-Oct-18,John Smith,203094,3075,8644,57283,26958,90957,0,46345,416035,1,10
2018,43,28-Oct-18,John Smith,111093,17403,4762,179248,19324,76075,0,62098,1482976,10,2
2018,44,04-Nov-18,John Smith,67827,5790,9006,189058,74028,89106,0,62920,1406250,4,9
2018,45,11-Nov-18,John Smith,0,11476,31520,211827,21659,151212,1611955,28386,1564960,4,4
2018,46,18-Nov-18,John Smith,211341,4617,30852,83838,62395,280296,0,58125,1334966,2,4
2018,47,25-Nov-18,John Smith,225582,10344,10757,94346,32327,158047,0,0,869008,3,2
2018,48,02-Dec-18,John Smith,93264,2201,37386,122525,25247,171930,1835153,84693,659509,8,5
2018,49,09-Dec-18,John Smith,183150,12708,47249,196007,68455,78050,0,4225,1247780,4,2
2018,50,16-Dec-18,John Smith,7902,2236,16116,146743,77565,235228,0,23298,216484,7,9
2018,51,23-Dec-18,John Smith,0,22212,15653,0,23023,42859,1291222,59777,0,3,6
2018,52,30-Dec-18,John Smith,196774,16245,13614,50586,42220,10945,0,76116,0,6,7
2018,1,07-Jan-18,Liz Saunders,32885,11456,5625,45575,7724,94272,803760,4778,0,2,8
2018,2,14-Jan-18,Liz Saunders,91122,6448,17793,148808,6327,235154,1349196,36849,0,9,10
2018,3,21-Jan-18,Liz Saunders,128814,15671,0,25072,42341,167066,1254183,86218,1995371,5,7
2018,4,28-Jan-18,Liz Saunders,227612,9749,19808,46717,73308,0,0,47982,0,4,0
2018,5,04-Feb-18,Liz Saunders,96818,0,2599,238675,70954,204107,0,41203,0,9,7
2018,6,11-Feb-18,Liz Saunders,183400,22007,48819,120623,54933,62644,1654879,60371,0,8,2
2018,7,18-Feb-18,Liz Saunders,160153,22120,48639,171078,40231,101566,588007,69377,0,6,9
2018,8,25-Feb-18,Liz Saunders,71851,14661,33035,175723,43847,46694,1407820,72964,502899,8,6
2018,9,04-Mar-18,Liz Saunders,164864,16337,29354,16944,36139,199633,1297693,51253,623362,10,9
2018,10,11-Mar-18,Liz Saunders,193172,15684,47883,248450,51937,15013,0,30458,1564889,3,9
2018,11,18-Mar-18,Liz Saunders,175271,15589,17610,166829,74744,140250,0,54356,1931974,5,1
2018,12,25-Mar-18,Liz Saunders,0,12768,9064,65028,0,276008,638705,8470,0,5,3
2018,13,01-Apr-18,Liz Saunders,11723,18637,779,86238,54740,252314,644940,38743,1246994,7,2
2018,14,08-Apr-18,Liz Saunders,185007,18989,47350,70757,41787,238064,1998856,26799,816866,4,1
2018,15,15-Apr-18,Liz Saunders,214922,4040,29056,89178,34809,106971,859424,83231,1530845,7,6
2018,16,22-Apr-18,Liz Saunders,94774,7601,49637,116543,56806,227593,0,73218,0,8,7
2018,17,29-Apr-18,Liz Saunders,107756,9015,26467,177382,35865,24899,469156,66785,1572853,5,7
2018,18,06-May-18,Liz Saunders,183086,18336,6544,166410,72616,45525,0,86097,0,7,6
2018,19,13-May-18,Liz Saunders,0,17091,40480,203301,6233,287253,0,84141,0,4,4
2018,20,20-May-18,Liz Saunders,115197,12273,12762,111318,34939,50174,411192,49216,1079234,1,7
2018,21,27-May-18,Liz Saunders,190770,20866,29942,41083,27017,242142,296839,0,1578206,0,6
2018,22,03-Jun-18,Liz Saunders,165457,16648,7591,85742,76571,144617,0,41762,667620,5,2
2018,23,10-Jun-18,Liz Saunders,95059,2682,29558,90589,78108,89416,0,80759,1701006,0,6
2018,24,17-Jun-18,Liz Saunders,227640,9986,42535,185980,3282,204489,894943,3333,701384,3,2
2018,25,24-Jun-18,Liz Saunders,119359,14641,37269,0,28697,124960,0,50257,0,1,2
2018,26,01-Jul-18,Liz Saunders,41918,5539,11392,238748,5412,61263,0,19624,0,10,1
2018,27,08-Jul-18,Liz Saunders,29897,14705,24533,187145,39906,12779,1522048,29549,1343634,4,0
2018,28,15-Jul-18,Liz Saunders,30544,18942,9242,150148,4621,150150,0,52448,0,7,2
2018,29,22-Jul-18,Liz Saunders,209121,9891,0,148606,42895,151959,1995688,65718,729075,8,3
2018,30,29-Jul-18,Liz Saunders,220085,16058,12647,100331,20624,81286,1578070,33385,0,1,0
2018,31,05-Aug-18,Liz Saunders,189783,9645,32419,1988,28797,131381,0,20378,525702,6,6
2018,32,12-Aug-18,Liz Saunders,153214,14372,6271,40820,31267,230421,1898469,43987,0,6,4
2018,33,19-Aug-18,Liz Saunders,36116,12160,32889,231156,82113,86145,0,27675,0,5,10
2018,34,26-Aug-18,Liz Saunders,163517,0,35733,38954,41977,240473,0,71068,424994,1,7
2018,35,02-Sep-18,Liz Saunders,173385,15389,26857,160979,49685,268286,1202845,74314,697053,3,10
2018,36,09-Sep-18,Liz Saunders,84185,3768,36102,132655,55046,15865,0,23510,1738561,3,7
2018,37,16-Sep-18,Liz Saunders,44627,4857,36546,101498,45213,62625,0,44537,0,5,1
2018,38,23-Sep-18,Liz Saunders,216684,12766,17667,62940,0,66869,1725956,10397,1502318,6,9
2018,39,30-Sep-18,Liz Saunders,228173,8935,29278,3173,64479,248426,0,17942,0,2,6
2018,40,07-Oct-18,Liz Saunders,175622,9276,43628,162358,69161,290071,0,10222,0,9,8
2018,41,14-Oct-18,Liz Saunders,180885,10033,6011,238039,42406,274429,354690,15081,1124547,10,8
2018,42,21-Oct-18,Liz Saunders,81566,19621,26177,67793,22131,118346,0,6743,0,2,2
2018,43,28-Oct-18,Liz Saunders,14959,18044,32001,140450,11882,222107,0,7807,256887,4,2
2018,44,04-Nov-18,Liz Saunders,59284,4681,10735,65263,13162,155053,0,32438,0,8,5
2018,45,11-Nov-18,Liz Saunders,0,1781,31503,5497,33254,253229,0,24278,0,3,6
2018,46,18-Nov-18,Liz Saunders,85759,11467,37482,209612,75590,154829,1273086,26064,795430,5,0
2018,47,25-Nov-18,Liz Saunders,39293,13395,31182,224541,16762,137640,0,0,0,5,8
2018,48,02-Dec-18,Liz Saunders,157830,10532,17308,45788,45527,21214,0,2895,0,7,1
2018,49,09-Dec-18,Liz Saunders,180086,19756,30423,66376,88103,27923,0,31601,942925,10,7
2018,50,16-Dec-18,Liz Saunders,79566,1343,13313,40659,15734,268078,1861632,36073,1540084,10,3
2018,51,23-Dec-18,Liz Saunders,172512,8463,2859,0,12669,123596,673450,37655,0,3,10
2018,52,30-Dec-18,Liz Saunders,172639,6227,2962,77730,31399,260842,328419,9702,0,1,2
2018,1,07-Jan-18,Mark Clarkson,14354,4038,1442,109699,37391,14086,0,4434,0,4,1
2018,2,14-Jan-18,Mark Clarkson,44797,4886,23500,59823,4843,17398,782370,12076,547233,2,2
2018,3,21-Jan-18,Mark Clarkson,50004,8901,0,81806,15250,99676,0,28125,0,4,5
2018,4,28-Jan-18,Mark Clarkson,8908,7067,4107,49721,13957,0,0,5138,574963,2,4
2018,5,04-Feb-18,Mark Clarkson,80609,0,14782,38056,22891,83666,0,12257,0,2,2
2018,6,11-Feb-18,Mark Clarkson,73387,3043,6767,44266,11454,119858,0,31258,0,2,5
2018,7,18-Feb-18,Mark Clarkson,89023,11038,20230,62243,4051,125071,0,44033,0,2,3
2018,8,25-Feb-18,Mark Clarkson,70378,0,24872,89444,39797,53729,931429,36876,0,4,1
2018,9,04-Mar-18,Mark Clarkson,44446,5507,10935,31922,11448,101660,0,17518,728744,3,5
2018,10,11-Mar-18,Mark Clarkson,66997,8678,491,97640,5686,99496,0,4482,111811,4,4
2018,11,18-Mar-18,Mark Clarkson,64751,8860,2538,113101,2210,84659,717633,29932,0,5,2
2018,12,25-Mar-18,Mark Clarkson,0,1416,23335,103907,0,56279,287678,42919,832095,5,4
2018,13,01-Apr-18,Mark Clarkson,31777,3666,18445,79204,10672,80532,0,4769,919069,1,1
2018,14,08-Apr-18,Mark Clarkson,16528,11052,15804,0,22267,95757,0,43328,0,3,2
2018,15,15-Apr-18,Mark Clarkson,34511,1944,11559,29928,42137,130645,354328,34597,845133,0,2
2018,16,22-Apr-18,Mark Clarkson,89250,10270,9976,107501,1040,118721,0,3866,0,5,3
2018,17,29-Apr-18,Mark Clarkson,100312,5230,20975,27040,17767,104722,0,35110,678010,1,1
2018,18,06-May-18,Mark Clarkson,53913,4011,20886,66834,14100,58002,0,6203,348290,4,2
2018,19,13-May-18,Mark Clarkson,0,9865,7182,53545,10581,76927,196140,36620,511540,5,3
2018,20,20-May-18,Mark Clarkson,13355,9532,10821,65656,33319,128181,0,41643,0,4,0
2018,21,27-May-18,Mark Clarkson,14588,11055,16490,115677,26474,79197,923669,0,0,2,3
2018,22,03-Jun-18,Mark Clarkson,46943,5252,9099,99865,20654,78897,139341,28721,0,4,2
2018,23,10-Jun-18,Mark Clarkson,95081,8582,18711,56010,9245,138013,699614,40843,468311,0,4
2018,24,17-Jun-18,Mark Clarkson,43315,10809,23019,32752,5718,116445,590530,30341,0,5,3
2018,25,24-Jun-18,Mark Clarkson,21262,4693,21303,0,37516,84695,0,43058,0,1,4
2018,26,01-Jul-18,Mark Clarkson,101561,9559,13022,124607,14817,49363,0,32498,220329,1,4
2018,27,08-Jul-18,Mark Clarkson,111678,8154,5682,36188,39744,79049,0,26106,205116,1,4
2018,28,15-Jul-18,Mark Clarkson,96093,7177,20456,9451,27661,9490,0,43237,0,1,3
2018,29,22-Jul-18,Mark Clarkson,88303,1048,0,67669,35680,40413,238627,9545,0,3,5
2018,30,29-Jul-18,Mark Clarkson,79998,1541,1585,95012,41165,64068,218349,43995,0,5,2
2018,31,05-Aug-18,Mark Clarkson,67593,1107,16574,57775,4339,96718,654145,32743,683880,1,3
2018,32,12-Aug-18,Mark Clarkson,90264,5001,22178,74989,41410,135705,677039,26511,0,2,3
2018,33,19-Aug-18,Mark Clarkson,8800,5596,24643,21011,40296,104613,369370,36373,774251,2,5
2018,34,26-Aug-18,Mark Clarkson,73226,0,8374,68311,44401,121975,0,32368,775979,3,2
2018,35,02-Sep-18,Mark Clarkson,38700,2132,20534,90094,11908,120334,707513,27483,0,5,3
2018,36,09-Sep-18,Mark Clarkson,66085,3665,11769,85101,34093,134176,0,34369,421753,3,5
2018,37,16-Sep-18,Mark Clarkson,20153,6668,18123,101810,36526,73743,391498,42801,563613,5,2
2018,38,23-Sep-18,Mark Clarkson,77947,441,1215,71226,0,77883,0,5516,951448,2,1
2018,39,30-Sep-18,Mark Clarkson,48391,5891,11138,59132,5208,118821,0,32731,292739,4,0
2018,40,07-Oct-18,Mark Clarkson,15547,2650,13659,92276,22191,25026,478074,25675,838200,3,1
2018,41,14-Oct-18,Mark Clarkson,58415,1225,13791,112576,15977,12707,0,34287,0,1,3
2018,42,21-Oct-18,Mark Clarkson,1618,10300,19025,96564,32875,38779,890529,2601,0,4,2
2018,43,28-Oct-18,Mark Clarkson,777,7493,11142,64594,9322,127365,0,13934,0,4,5
2018,44,04-Nov-18,Mark Clarkson,39190,11302,4921,54289,3238,94207,826577,26999,0,0,2
2018,45,11-Nov-18,Mark Clarkson,0,3151,20217,102344,34833,133343,0,20520,0,4,2
2018,46,18-Nov-18,Mark Clarkson,5887,2264,23840,53827,9572,96627,0,26723,499969,5,0
2018,47,25-Nov-18,Mark Clarkson,84258,4115,19181,122469,40081,14621,0,0,633688,5,5
2018,48,02-Dec-18,Mark Clarkson,94845,889,21222,16631,22568,8104,517004,3894,0,4,3
2018,49,09-Dec-18,Mark Clarkson,55461,1900,21016,117064,17730,74487,0,28327,378916,1,0
2018,50,16-Dec-18,Mark Clarkson,81252,11034,4947,112872,37101,98015,0,23349,0,0,1
2018,51,23-Dec-18,Mark Clarkson,38234,9679,7645,0,23083,33997,0,32056,125044,5,4
2018,52,30-Dec-18,Mark Clarkson,99855,7732,23407,71625,29209,148315,0,25518,0,4,2
2018,1,07-Jan-18,Shannon Perry,47171,4153,3085,118554,8029,145524,928715,8439,350171,2,4
2018,2,14-Jan-18,Shannon Perry,53709,8094,17831,2946,3122,21306,0,18005,473299,2,4
2018,3,21-Jan-18,Shannon Perry,95895,6480,0,124317,12370,124369,0,17686,0,1,0
2018,4,28-Jan-18,Shannon Perry,70716,3645,16501,20855,38326,102623,0,24317,0,3,5
2018,5,04-Feb-18,Shannon Perry,17143,0,22706,58608,28066,144851,0,18181,0,2,4
2018,6,11-Feb-18,Shannon Perry,84259,9017,7956,48560,32889,28916,518038,13029,0,1,4
2018,7,18-Feb-18,Shannon Perry,9970,7552,10842,52971,19657,27008,228035,33806,0,3,4
2018,8,25-Feb-18,Shannon Perry,44897,0,15190,85102,27885,61562,0,1307,0,1,5
2018,9,04-Mar-18,Shannon Perry,68359,7841,17827,103087,14629,68973,0,6708,0,5,4
2018,10,11-Mar-18,Shannon Perry,11655,9556,2783,32363,27043,37552,785406,13877,994375,1,2
2018,11,18-Mar-18,Shannon Perry,82080,6522,9773,72354,24438,107264,0,21358,0,4,0
2018,12,25-Mar-18,Shannon Perry,0,4354,449,62198,0,81006,0,3322,0,1,5
2018,13,01-Apr-18,Shannon Perry,18902,5068,22943,116532,5579,36302,0,14775,0,0,0
2018,14,08-Apr-18,Shannon Perry,78862,7307,20334,96019,13162,52104,0,17009,0,2,3
2018,15,15-Apr-18,Shannon Perry,83801,10564,15384,75994,43339,117547,706444,14041,0,1,2
2018,16,22-Apr-18,Shannon Perry,31190,552,4622,40715,44458,47665,0,39005,668525,3,0
2018,17,29-Apr-18,Shannon Perry,96877,4303,22023,114116,9189,103813,0,41382,0,2,4
2018,18,06-May-18,Shannon Perry,7992,9808,19760,9862,13947,23453,0,14906,0,1,1
2018,19,13-May-18,Shannon Perry,0,2687,15678,89220,40263,88355,105786,38665,0,3,5
2018,20,20-May-18,Shannon Perry,13152,10026,4276,3997,34303,84773,0,34974,559385,0,2
2018,21,27-May-18,Shannon Perry,78107,1156,24480,36977,18428,149434,101604,0,473832,4,2
2018,22,03-Jun-18,Shannon Perry,62858,8952,13618,80686,3447,10562,428073,25093,788059,0,2
2018,23,10-Jun-18,Shannon Perry,56288,6209,22395,91164,8523,15662,0,32827,0,1,0
2018,24,17-Jun-18,Shannon Perry,62901,9832,3577,21400,19977,69357,532112,35231,884942,5,2
2018,25,24-Jun-18,Shannon Perry,88302,11359,673,0,19968,30688,0,26756,192104,0,1
2018,26,01-Jul-18,Shannon Perry,87456,5566,17480,40923,42593,75108,0,9890,0,2,5
2018,27,08-Jul-18,Shannon Perry,25983,1003,4010,113245,20000,138087,0,6845,557833,5,3
2018,28,15-Jul-18,Shannon Perry,39882,8958,10591,108154,15124,108864,0,1917,0,4,0
2018,29,22-Jul-18,Shannon Perry,767,6202,0,111673,3819,126769,626928,8604,788519,2,5
2018,30,29-Jul-18,Shannon Perry,107366,1798,10334,70780,25074,110343,0,40416,0,0,0
2018,31,05-Aug-18,Shannon Perry,92738,0,2159,79358,0,26376,0,31466,0,0,2
2018,32,12-Aug-18,Shannon Perry,51106,8330,7709,30064,4223,87838,0,36124,514062,4,1
2018,33,19-Aug-18,Shannon Perry,86015,4066,18605,70053,43940,68666,0,2213,728275,3,5
2018,34,26-Aug-18,Shannon Perry,30790,611,18573,1214,23993,83173,0,12805,0,3,2
2018,35,02-Sep-18,Shannon Perry,55093,281,23754,57667,37465,63857,0,28054,0,4,5
2018,36,09-Sep-18,Shannon Perry,4215,2733,8802,87104,25541,50746,0,26370,0,0,4
2018,37,16-Sep-18,Shannon Perry,37249,9666,12960,15273,22482,50209,325806,14036,385936,3,1
2018,38,23-Sep-18,Shannon Perry,0,10475,16593,13479,0,146236,952813,32837,0,2,2
2018,39,30-Sep-18,Shannon Perry,101039,10199,3783,117642,39724,105059,467643,6689,644695,1,0
2018,40,07-Oct-18,Shannon Perry,106510,5270,21612,65765,2527,37945,835232,20253,469849,3,3
2018,41,14-Oct-18,Shannon Perry,11743,1385,15812,100117,25757,41571,892513,31457,587467,4,2
2018,42,21-Oct-18,Shannon Perry,67915,6577,12155,116308,2691,46398,0,32403,357352,3,0
2018,43,28-Oct-18,Shannon Perry,41162,10738,10025,92928,30274,29196,0,1924,233075,3,0
2018,44,04-Nov-18,Shannon Perry,107259,7869,22062,33050,17640,65503,862986,30886,867757,5,5
2018,45,11-Nov-18,Shannon Perry,0,3720,23855,121160,44586,63394,0,34675,475551,1,2
2018,46,18-Nov-18,Shannon Perry,36138,11481,9004,31900,32604,46977,713210,18603,796010,5,3
2018,47,25-Nov-18,Shannon Perry,95312,7171,13586,104641,36085,116035,169575,0,0,2,3
2018,48,02-Dec-18,Shannon Perry,108113,8943,3987,85989,10827,136374,0,31138,959734,5,3
2018,49,09-Dec-18,Shannon Perry,79303,10901,8402,108428,9306,46862,414613,43264,0,4,1
2018,50,16-Dec-18,Shannon Perry,91584,3423,22660,108660,44678,6785,0,24544,0,2,2
2018,51,23-Dec-18,Shannon Perry,13582,8364,24269,0,33319,58347,0,19253,0,4,4
2018,52,30-Dec-18,Shannon Perry,103909,10316,13404,73298,1496,129284,583086,13432,0,3,4
2019,1,06-Jan-19,Denis Hertz,12107,455,19861,108634,12327,67591,0,7299,320961,2,2
2019,2,13-Jan-19,Denis Hertz,60023,1348,5574,83598,7207,100382,0,23923,0,5,4
2019,3,20-Jan-19,Denis Hertz,41447,7206,0,31222,13363,17003,578548,33133,0,4,2
2019,4,27-Jan-19,Denis Hertz,112120,11013,18596,7294,14557,94833,0,43226,0,4,3
2019,5,03-Feb-19,Denis Hertz,72029,0,6034,54429,19472,45933,0,9915,0,2,2
2019,6,10-Feb-19,Denis Hertz,8471,3111,258,29526,21593,129529,0,34182,0,4,4
2019,7,17-Feb-19,Denis Hertz,86896,801,22387,24742,37768,92172,796503,1653,0,2,2
2019,8,24-Feb-19,Denis Hertz,80020,0,13749,92145,43619,130952,963760,29363,835254,3,4
2019,9,03-Mar-19,Denis Hertz,6397,1557,15189,46337,3876,32778,0,19785,0,5,2
2019,10,10-Mar-19,Denis Hertz,31666,3471,11074,49493,30506,72134,0,7518,661688,0,2
2019,11,17-Mar-19,Denis Hertz,83401,9782,12344,87894,11565,52021,0,29837,0,4,4
2019,12,24-Mar-19,Denis Hertz,0,908,17576,61529,0,44958,0,4903,924665,5,2
2019,13,31-Mar-19,Denis Hertz,29730,9709,20774,95839,37752,94356,0,38616,406674,5,2
2019,14,07-Apr-19,Denis Hertz,39052,2043,14349,37254,42031,148077,134434,31117,432143,3,2
2019,15,14-Apr-19,Denis Hertz,112814,1283,18783,123384,23648,145336,0,6380,0,1,5
2019,16,21-Apr-19,Denis Hertz,77955,2346,14111,63363,41325,129595,0,42507,667538,2,1
2019,17,28-Apr-19,Denis Hertz,90694,3112,17514,56232,36348,53128,0,30112,0,2,3
2019,18,05-May-19,Denis Hertz,100337,3260,3944,58360,38204,121331,0,26571,776492,4,3
2019,19,12-May-19,Denis Hertz,0,1781,8807,50293,27876,55769,558708,12531,0,1,2
2019,20,19-May-19,Denis Hertz,98068,6310,20260,4030,44986,18824,0,19950,0,1,1
2019,21,26-May-19,Denis Hertz,42754,8451,8298,19353,11579,77030,0,0,265211,1,4
2019,22,02-Jun-19,Denis Hertz,108962,2565,14285,98146,11272,114195,0,42507,0,3,2
2019,23,09-Jun-19,Denis Hertz,41678,2115,13013,21718,10768,14117,0,8798,872899,2,3
2019,24,16-Jun-19,Denis Hertz,62022,5767,2781,45244,33607,15161,421276,10909,0,1,1
2019,25,23-Jun-19,Denis Hertz,24016,11298,8901,0,43840,44560,425516,30051,0,2,4
2019,26,30-Jun-19,Denis Hertz,31124,11353,13040,94069,29274,124322,681289,41769,0,2,2
2019,27,07-Jul-19,Denis Hertz,12142,6874,22290,115457,13554,96137,740700,21342,0,5,3
2019,28,14-Jul-19,Denis Hertz,86866,9908,4766,57570,44649,63550,288618,16142,758292,2,5
2019,29,21-Jul-19,Denis Hertz,80757,2756,0,96395,11829,104260,0,38504,787730,3,5
2019,30,28-Jul-19,Denis Hertz,85140,3868,7252,116701,18347,16775,0,1305,0,0,2
2019,31,04-Aug-19,Denis Hertz,99164,1530,20256,57768,0,54938,0,37264,866619,0,1
2019,32,11-Aug-19,Denis Hertz,106620,3013,10923,43039,1752,51869,0,36037,0,5,3
2019,33,18-Aug-19,Denis Hertz,2841,651,4753,69057,10251,126597,788239,9410,514817,2,1
2019,34,25-Aug-19,Denis Hertz,85962,0,16391,55845,17702,112311,0,26082,663279,0,4
2019,35,01-Sep-19,Denis Hertz,108372,5912,4887,114039,11276,85023,0,38773,849400,0,1
2019,36,08-Sep-19,Denis Hertz,92184,7486,9309,122487,39808,117468,0,37171,419873,2,1
2019,37,15-Sep-19,Denis Hertz,35400,976,19108,112170,27806,66544,971778,7643,705102,3,1
2019,38,22-Sep-19,Denis Hertz,0,2160,12346,45592,0,41477,0,8769,901261,0,3
2019,39,29-Sep-19,Denis Hertz,3846,2535,3824,65020,3100,106623,0,32724,163255,5,5
2019,40,06-Oct-19,Denis Hertz,63398,4506,18111,1518,40410,148948,0,39767,846192,2,3
2019,41,13-Oct-19,Denis Hertz,86266,7845,20417,19788,10636,64277,0,8513,982285,1,5
2019,42,20-Oct-19,Denis Hertz,58022,9464,19547,93282,23862,34559,995015,36430,805299,2,4
2019,43,27-Oct-19,Denis Hertz,72129,1706,21888,85335,22455,127337,0,15878,0,4,0
2019,44,03-Nov-19,Denis Hertz,38112,5061,4068,91622,10189,98403,0,20591,0,3,5
2019,45,10-Nov-19,Denis Hertz,0,7271,3382,111893,23996,19731,715967,11216,971813,5,1
2019,46,17-Nov-19,Denis Hertz,4200,7239,22702,8452,22027,76172,754660,31320,0,3,2
2019,47,24-Nov-19,Denis Hertz,86398,8070,11759,4983,27218,144389,0,0,0,0,0
2019,48,01-Dec-19,Denis Hertz,26159,8941,5057,30279,30859,39163,218908,19712,0,5,2
2019,49,08-Dec-19,Denis Hertz,337,2134,13391,12393,9318,148370,0,37510,0,2,5
2019,50,15-Dec-19,Denis Hertz,77570,7407,8780,107456,37107,135681,675014,36572,0,1,2
2019,51,22-Dec-19,Denis Hertz,49848,10503,6019,0,40570,120946,0,25754,0,1,0
2019,52,29-Dec-19,Denis Hertz,4204,3259,14572,30767,18867,23428,0,3655,0,4,4
2019,1,06-Jan-19,John Smith,113138,9560,10111,60437,37385,44884,345592,26638,198742,1,0
2019,2,13-Jan-19,John Smith,56902,2875,8631,68405,29061,47848,0,19677,0,0,3
2019,3,20-Jan-19,John Smith,68750,9857,0,10978,22268,11139,529001,34720,0,4,1
2019,4,27-Jan-19,John Smith,79356,10012,23156,20037,37600,0,0,5580,0,4,2
2019,5,03-Feb-19,John Smith,37684,739,11130,105260,12220,45780,0,40150,0,3,1
2019,6,10-Feb-19,John Smith,92096,9770,3188,33946,13611,61891,425931,3296,0,5,4
2019,7,17-Feb-19,John Smith,59153,8708,18592,100184,38113,78903,562154,3564,351414,1,4
2019,8,24-Feb-19,John Smith,93137,0,10619,86526,30805,56637,0,41673,488921,4,2
2019,9,03-Mar-19,John Smith,3924,8251,343,22604,3719,63258,0,34119,518782,1,3
2019,10,10-Mar-19,John Smith,67390,1484,4592,68417,4551,58004,439739,1556,0,2,3
2019,11,17-Mar-19,John Smith,88816,1841,10184,22095,28894,107511,0,18596,0,0,4
2019,12,24-Mar-19,John Smith,0,10475,7699,44232,0,119990,0,6507,0,3,4
2019,13,31-Mar-19,John Smith,26338,3462,16770,92535,14826,52344,0,38666,0,2,1
2019,14,07-Apr-19,John Smith,6232,10196,3092,8801,43345,15314,0,22352,762409,3,3
2019,15,14-Apr-19,John Smith,86391,11256,21711,108411,14964,88073,418944,11383,0,5,3
2019,16,21-Apr-19,John Smith,7420,7118,14925,7579,4608,62766,0,8439,662986,2,1
2019,17,28-Apr-19,John Smith,72827,6766,398,71419,13640,29831,0,36253,0,2,2
2019,18,05-May-19,John Smith,89481,6866,14271,18857,21485,109024,0,26828,0,4,4
2019,19,12-May-19,John Smith,0,1825,14968,28378,19278,75737,846018,17191,601704,0,3
2019,20,19-May-19,John Smith,29333,3987,14501,101550,13987,126754,653757,26837,675222,3,4
2019,21,26-May-19,John Smith,76681,11472,19170,112168,14861,104902,532547,28062,636734,0,3
2019,22,02-Jun-19,John Smith,48882,8070,20719,35195,8530,112214,982667,40887,0,0,3
2019,23,09-Jun-19,John Smith,33929,5312,11177,106762,18039,96125,0,35893,812683,3,3
2019,24,16-Jun-19,John Smith,7755,9145,8996,21793,13261,20810,700276,12848,848594,2,5
2019,25,23-Jun-19,John Smith,2747,6531,1411,0,1217,40319,0,8123,695816,1,2
2019,26,30-Jun-19,John Smith,53490,9684,24152,95729,7249,69425,0,29108,0,4,2
2019,27,07-Jul-19,John Smith,47992,9268,4537,54195,20204,39993,0,10112,172039,5,4
2019,28,14-Jul-19,John Smith,74476,10381,20286,77635,27083,116170,618622,20350,0,3,5
2019,29,21-Jul-19,John Smith,55850,8958,0,89831,2348,64035,0,32961,449410,2,3
2019,30,28-Jul-19,John Smith,96383,3582,20443,119126,29821,115532,0,44998,848086,4,3
2019,31,04-Aug-19,John Smith,107965,0,13734,99442,24005,68385,0,35351,0,4,1
2019,32,11-Aug-19,John Smith,47678,8261,9084,71622,14172,14210,381895,41774,770812,2,4
2019,33,18-Aug-19,John Smith,49673,1023,24757,21715,44076,47571,683159,42009,0,4,5
2019,34,25-Aug-19,John Smith,44501,4858,17917,108989,37094,50318,712151,34069,0,2,5
2019,35,01-Sep-19,John Smith,26003,1975,2304,19978,34563,95974,0,24319,0,2,2
2019,36,08-Sep-19,John Smith,81299,1607,9907,49381,6693,135143,0,4505,244982,4,1
2019,37,15-Sep-19,John Smith,34350,3927,13139,69111,13261,109897,0,37835,170997,5,2
2019,38,22-Sep-19,John Smith,0,11275,9575,22617,0,76385,0,15837,0,2,1
2019,39,29-Sep-19,John Smith,88999,9040,21859,73782,18097,118587,915655,38020,0,2,2
2019,40,06-Oct-19,John Smith,98233,4519,2096,0,16953,19929,800898,23263,0,3,4
2019,41,13-Oct-19,John Smith,43201,7690,8052,97138,8589,60377,0,19997,176922,1,2
2019,42,20-Oct-19,John Smith,110205,5117,13553,4952,9567,6072,0,16807,0,2,3
2019,43,27-Oct-19,John Smith,104280,10630,7300,10408,3256,45812,469063,33696,0,4,4
2019,44,03-Nov-19,John Smith,30715,769,5186,30683,38931,27153,0,33776,0,5,1
2019,45,10-Nov-19,John Smith,0,8606,23747,79992,41806,148445,497691,28899,871244,1,3
2019,46,17-Nov-19,John Smith,59658,5916,16956,39331,15686,112699,529061,29189,0,3,1
2019,47,24-Nov-19,John Smith,24128,743,9982,51190,2983,27855,529558,0,0,4,4
2019,48,01-Dec-19,John Smith,90029,8415,6973,12954,20902,96123,0,39048,700692,1,4
2019,49,08-Dec-19,John Smith,62171,8354,590,74981,9006,51736,0,30298,0,2,3
2019,50,15-Dec-19,John Smith,95621,11204,15777,91426,40660,145411,0,6362,0,2,1
2019,51,22-Dec-19,John Smith,79936,3612,11145,0,11923,27509,0,8283,0,1,5
2019,52,29-Dec-19,John Smith,52390,5409,16649,53112,3092,146332,978178,3212,0,3,1
2019,1,06-Jan-19,Liz Saunders,40095,10825,19488,92211,25228,119970,0,7296,114238,1,3
2019,2,13-Jan-19,Liz Saunders,49946,8715,23808,37261,43596,36786,0,35999,729196,5,2
2019,3,20-Jan-19,Liz Saunders,79662,8702,0,107533,12021,55533,0,9028,595620,2,2
2019,4,27-Jan-19,Liz Saunders,96592,5537,23613,75789,9110,0,114407,42252,282414,3,1
2019,5,03-Feb-19,Liz Saunders,4512,0,5581,24857,27454,17346,0,32438,0,4,2
2019,6,10-Feb-19,Liz Saunders,58546,2281,10332,48327,15573,115291,932511,44989,328967,3,4
2019,7,17-Feb-19,Liz Saunders,64514,3327,1838,92320,27408,78784,456413,11260,208320,3,4
2019,8,24-Feb-19,Liz Saunders,67309,0,21392,97445,13160,126943,0,7508,351286,5,1
2019,9,03-Mar-19,Liz Saunders,15783,314,9231,25371,25805,28273,814698,5259,0,3,5
2019,10,10-Mar-19,Liz Saunders,103589,1928,15731,92807,8710,32593,0,28118,0,1,2
2019,11,17-Mar-19,Liz Saunders,94198,8009,5004,44930,12647,66117,0,24589,0,0,4
2019,12,24-Mar-19,Liz Saunders,0,8049,21419,46445,0,138738,0,42212,0,5,1
2019,13,31-Mar-19,Liz Saunders,49984,2707,4263,122521,2474,134348,765404,43934,441692,0,5
2019,14,07-Apr-19,Liz Saunders,102193,6782,23628,0,30093,25962,0,32920,0,4,3
2019,15,14-Apr-19,Liz Saunders,91661,4461,19255,106322,41430,76943,514230,20619,545302,2,2
2019,16,21-Apr-19,Liz Saunders,14870,457,20927,4326,22246,143327,666995,42001,0,5,1
2019,17,28-Apr-19,Liz Saunders,107002,4599,18251,96020,17497,61130,736771,39063,995895,5,4
2019,18,05-May-19,Liz Saunders,71860,5576,1754,3839,4936,144948,671168,16255,0,5,2
2019,19,12-May-19,Liz Saunders,0,4985,15759,39029,4467,57743,728274,21848,0,4,5
2019,20,19-May-19,Liz Saunders,62396,1085,6126,66101,11774,10891,405531,6359,0,0,1
2019,21,26-May-19,Liz Saunders,69115,6057,9487,114580,42813,143708,939484,0,0,1,0
2019,22,02-Jun-19,Liz Saunders,33641,4189,13546,4926,12583,121012,472297,32876,847305,1,1
2019,23,09-Jun-19,Liz Saunders,46681,5435,14911,2574,25414,123051,383063,43593,999085,5,3
2019,24,16-Jun-19,Liz Saunders,113627,6014,6345,64570,16980,138963,554863,30368,590719,3,2
2019,25,23-Jun-19,Liz Saunders,57887,4391,16802,0,2549,40348,463846,10558,381707,2,2
2019,26,30-Jun-19,Liz Saunders,111803,3595,24865,30664,1547,5923,836453,38549,0,2,2
2019,27,07-Jul-19,Liz Saunders,61592,6036,18856,5207,22172,11978,715090,6704,0,1,5
2019,28,14-Jul-19,Liz Saunders,98850,947,19917,47966,38874,5816,894807,27908,263223,4,5
2019,29,21-Jul-19,Liz Saunders,110837,4695,0,32936,30883,41252,0,44936,0,0,5
2019,30,28-Jul-19,Liz Saunders,59497,398,15079,93099,44714,36359,0,12342,0,2,5
2019,31,04-Aug-19,Liz Saunders,39392,0,3589,65969,6765,42731,0,16166,0,2,1
2019,32,11-Aug-19,Liz Saunders,88380,5896,14651,71517,26585,127533,676261,20593,0,0,2
2019,33,18-Aug-19,Liz Saunders,70726,4110,20718,93217,4360,30290,0,40747,579175,1,3
2019,34,25-Aug-19,Liz Saunders,69477,4948,22266,68640,19973,66972,0,24869,712100,2,5
2019,35,01-Sep-19,Liz Saunders,46118,7245,1861,96573,7853,115217,0,22126,696413,4,3
2019,36,08-Sep-19,Liz Saunders,24575,10596,4400,90603,5157,15701,0,17258,723176,3,3
2019,37,15-Sep-19,Liz Saunders,68636,7418,6789,116889,30574,121152,0,39581,0,5,1
2019,38,22-Sep-19,Liz Saunders,99017,3836,14770,105661,0,78281,0,26730,0,5,1
2019,39,29-Sep-19,Liz Saunders,109905,5178,13503,96056,27064,122901,295678,14237,205565,1,3
2019,40,06-Oct-19,Liz Saunders,69750,10211,21077,40205,7929,18727,0,42120,0,2,5
2019,41,13-Oct-19,Liz Saunders,6128,956,1749,68992,9504,49151,0,16993,0,2,1
2019,42,20-Oct-19,Liz Saunders,45272,11114,15381,106801,8918,58345,0,8582,0,3,2
2019,43,27-Oct-19,Liz Saunders,11636,7102,24443,21567,41425,42401,332972,13962,461430,1,4
2019,44,03-Nov-19,Liz Saunders,69285,9947,10719,37500,4631,132787,0,34483,0,4,5
2019,45,10-Nov-19,Liz Saunders,0,8654,22459,43824,43738,28304,0,11636,0,2,0
2019,46,17-Nov-19,Liz Saunders,61013,2376,24928,120764,28200,63996,328822,1691,816226,3,5
2019,47,24-Nov-19,Liz Saunders,38915,1371,3328,107843,36679,104702,0,5360,0,3,1
2019,48,01-Dec-19,Liz Saunders,4939,6375,23335,31628,6964,124910,433010,24521,388848,0,3
2019,49,08-Dec-19,Liz Saunders,54926,8323,13379,72839,27645,139903,0,38823,292775,3,4
2019,50,15-Dec-19,Liz Saunders,89848,956,7076,61660,36184,49541,0,3155,0,3,1
2019,51,22-Dec-19,Liz Saunders,113375,2852,11804,0,36894,149433,186612,33073,0,4,1
2019,52,29-Dec-19,Liz Saunders,35897,1100,15281,26578,7397,14150,0,44946,0,5,2
2019,1,06-Jan-19,Mark Clarkson,68453,7682,9799,95738,31502,20887,0,34419,769027,2,2
2019,2,13-Jan-19,Mark Clarkson,1747,3826,12784,17512,34015,48795,828727,29197,552437,1,5
2019,3,20-Jan-19,Mark Clarkson,26501,698,0,3430,7381,98676,0,42651,356455,4,3
2019,4,27-Jan-19,Mark Clarkson,94232,8466,5519,110478,9383,119187,0,9050,0,1,3
2019,5,03-Feb-19,Mark Clarkson,111666,471,24809,82017,3223,121274,0,1374,0,3,2
2019,6,10-Feb-19,Mark Clarkson,20281,2298,16698,26033,30405,16718,0,7195,0,4,4
2019,7,17-Feb-19,Mark Clarkson,38427,6878,18433,102839,34517,99040,0,16173,0,1,2
2019,8,24-Feb-19,Mark Clarkson,81567,0,17996,69041,5572,116815,659271,29516,632199,5,5
2019,9,03-Mar-19,Mark Clarkson,47847,7427,10011,87984,17209,55739,0,42073,708360,3,1
2019,10,10-Mar-19,Mark Clarkson,11519,4761,18378,10434,1686,45875,0,37380,0,1,1
2019,11,17-Mar-19,Mark Clarkson,60776,8730,18955,42590,39520,12385,144616,10185,0,5,5
2019,12,24-Mar-19,Mark Clarkson,0,4487,13945,104455,0,98672,0,15015,0,4,1
2019,13,31-Mar-19,Mark Clarkson,39378,1688,17413,88162,2192,79858,0,42190,224217,5,3
2019,14,07-Apr-19,Mark Clarkson,106738,1663,4695,31201,16354,61965,424987,15293,554707,3,0
2019,15,14-Apr-19,Mark Clarkson,1816,10174,2763,69385,32924,90318,0,7965,0,3,3
2019,16,21-Apr-19,Mark Clarkson,4052,10549,16532,102782,43706,21327,0,33448,0,4,3
2019,17,28-Apr-19,Mark Clarkson,49548,3778,8827,36601,10676,69063,0,42280,0,1,0
2019,18,05-May-19,Mark Clarkson,110360,11267,8293,101492,43212,17645,0,8678,0,1,0
2019,19,12-May-19,Mark Clarkson,0,3507,1194,49458,11852,127241,227027,43331,731802,4,5
2019,20,19-May-19,Mark Clarkson,83002,1065,1539,118777,24072,63416,0,1635,469984,5,0
2019,21,26-May-19,Mark Clarkson,114600,5353,16200,57957,41088,13355,0,0,367281,0,2
2019,22,02-Jun-19,Mark Clarkson,47295,9697,16487,42557,1606,108809,978105,33581,0,3,5
2019,23,09-Jun-19,Mark Clarkson,97622,5402,5163,117219,28942,25514,0,25297,505808,1,3
2019,24,16-Jun-19,Mark Clarkson,96150,7481,18852,2954,10168,81023,0,6696,733907,4,0
2019,25,23-Jun-19,Mark Clarkson,25868,1588,4463,0,1929,136808,0,13214,0,4,0
2019,26,30-Jun-19,Mark Clarkson,90512,11425,22528,102130,21052,110157,0,41153,0,4,2
2019,27,07-Jul-19,Mark Clarkson,18734,6711,5030,118108,16594,142641,217195,17269,0,3,2
2019,28,14-Jul-19,Mark Clarkson,98291,6728,19792,70495,39794,10826,0,9068,326070,4,4
2019,29,21-Jul-19,Mark Clarkson,43174,7605,0,90742,20444,148914,0,19034,0,1,1
2019,30,28-Jul-19,Mark Clarkson,34773,2506,1309,19215,7440,0,0,1719,144423,3,5
2019,31,04-Aug-19,Mark Clarkson,82454,0,15687,13398,7718,80566,0,14838,0,1,4
2019,32,11-Aug-19,Mark Clarkson,5350,4749,20337,12963,16093,10170,0,17155,0,5,3
2019,33,18-Aug-19,Mark Clarkson,27068,4542,19126,6276,39675,49967,0,41395,509188,4,1
2019,34,25-Aug-19,Mark Clarkson,45350,5868,7736,100229,4012,111658,599409,28356,0,5,1
2019,35,01-Sep-19,Mark Clarkson,105118,2503,22964,3059,24652,120873,306448,40624,892100,3,5
2019,36,08-Sep-19,Mark Clarkson,68455,11359,7438,76072,28760,110813,0,2523,0,0,3
2019,37,15-Sep-19,Mark Clarkson,81920,7854,12140,13040,19556,141470,0,18581,0,2,3
2019,38,22-Sep-19,Mark Clarkson,0,6097,1994,70958,35989,91913,293567,22193,112153,5,3
2019,39,29-Sep-19,Mark Clarkson,84210,6713,9395,57908,12360,119658,0,36964,0,1,2
2019,40,06-Oct-19,Mark Clarkson,61007,10976,15592,118900,8216,134702,739604,20400,508280,2,4
2019,41,13-Oct-19,Mark Clarkson,68616,8158,8367,116288,12763,7178,0,24715,459935,1,1
2019,42,20-Oct-19,Mark Clarkson,41032,6967,3808,11967,19446,83852,980074,26625,105463,0,2
2019,43,27-Oct-19,Mark Clarkson,90469,4127,22221,45261,22581,29047,0,44427,0,3,5
2019,44,03-Nov-19,Mark Clarkson,52619,10603,4233,39561,15388,126281,628488,38661,499468,0,2
2019,45,10-Nov-19,Mark Clarkson,0,6676,10496,73361,38745,51917,0,41727,0,4,5
2019,46,17-Nov-19,Mark Clarkson,89939,4439,20379,4872,22179,147702,0,11696,622034,1,4
2019,47,24-Nov-19,Mark Clarkson,101194,10029,24434,29101,44732,143909,0,5865,0,0,1
2019,48,01-Dec-19,Mark Clarkson,32543,560,24037,44962,4232,65926,471669,18053,169650,2,3
2019,49,08-Dec-19,Mark Clarkson,49000,7169,11396,104072,42283,22671,0,33063,0,3,1
2019,50,15-Dec-19,Mark Clarkson,95887,361,12086,12069,43095,80109,0,2175,812868,5,5
2019,51,22-Dec-19,Mark Clarkson,70283,2011,12294,30406,0,37015,0,0,0,5,5
2019,52,29-Dec-19,Mark Clarkson,75303,4372,2382,0,34075,143634,141766,36084,0,2,0
2019,1,06-Jan-19,Shannon Perry,226275,19120,20221,120874,74770,89768,0,53275,397484,1,0
2019,2,13-Jan-19,Shannon Perry,113803,5749,17262,136810,58122,95695,0,39354,0,0,5
2019,3,20-Jan-19,Shannon Perry,137499,19714,0,21956,44535,22278,1058002,69439,1736532,8,2
2019,4,27-Jan-19,Shannon Perry,158711,20024,46312,40073,75199,0,0,11159,0,8,4
2019,5,03-Feb-19,Shannon Perry,75368,1478,22259,210519,24440,91560,0,80300,0,5,1
2019,6,10-Feb-19,Shannon Perry,184192,19539,6376,67892,27221,123781,0,6591,0,9,8
2019,7,17-Feb-19,Shannon Perry,118306,17415,37183,200368,76225,157806,0,7127,702827,2,8
2019,8,24-Feb-19,Shannon Perry,186274,0,21238,173052,61609,113274,1186310,83345,0,8,4
2019,9,03-Mar-19,Shannon Perry,7848,16502,685,45208,7438,126516,0,68237,0,1,6
2019,10,10-Mar-19,Shannon Perry,134779,2968,9183,136833,9102,116007,0,3111,0,4,5
2019,11,17-Mar-19,Shannon Perry,177631,3682,20368,44189,57788,215022,1182701,37192,1127009,0,7
2019,12,24-Mar-19,Shannon Perry,0,20950,15398,88463,0,239980,0,13014,0,6,7
2019,13,31-Mar-19,Shannon Perry,52676,6924,33539,185069,29651,104688,0,77331,206200,4,1
2019,14,07-Apr-19,Shannon Perry,12464,20391,6184,17602,86689,30628,0,44703,1524818,5,6
2019,15,14-Apr-19,Shannon Perry,172782,22511,43421,216822,29927,176145,0,22765,526525,9,6
2019,16,21-Apr-19,Shannon Perry,14840,14236,29849,15158,9215,125532,881188,16877,1325971,3,1
2019,17,28-Apr-19,Shannon Perry,145654,13532,795,142837,27279,59662,0,72505,0,3,3
2019,18,05-May-19,Shannon Perry,178961,13732,28542,37714,42970,218048,0,53655,1530837,8,7
2019,19,12-May-19,Shannon Perry,0,3650,29935,56756,38556,151473,1692036,34382,0,0,5
2019,20,19-May-19,Shannon Perry,58665,7974,29001,203099,27974,253507,0,53674,0,5,7
2019,21,26-May-19,Shannon Perry,153361,22944,38340,224336,29721,209804,0,56124,0,0,5
2019,22,02-Jun-19,Shannon Perry,97763,16139,41438,70390,17059,224427,1965333,81774,626940,0,5
2019,23,09-Jun-19,Shannon Perry,67857,10624,22354,213523,36077,192250,0,71785,0,6,6
2019,24,16-Jun-19,Shannon Perry,15510,18289,17992,43585,26522,41619,0,25696,1697188,3,9
2019,25,23-Jun-19,Shannon Perry,5494,13061,2822,0,2434,80638,1812189,16246,1391632,1,4
2019,26,30-Jun-19,Shannon Perry,106980,19367,48303,191458,14497,138850,0,58215,272612,8,4
2019,27,07-Jul-19,Shannon Perry,95984,18536,9074,108390,40407,79985,0,20224,344077,9,7
2019,28,14-Jul-19,Shannon Perry,148951,20762,40571,155270,54166,232340,1237243,40699,805950,5,9
2019,29,21-Jul-19,Shannon Perry,111699,17915,0,179662,4696,128069,0,65922,898820,3,5
2019,30,28-Jul-19,Shannon Perry,192765,7163,40885,238252,59642,231063,0,89995,0,8,5
2019,31,04-Aug-19,Shannon Perry,215930,0,27467,198883,48009,136769,0,70702,0,8,1
2019,32,11-Aug-19,Shannon Perry,95356,16522,18168,143243,28344,28419,0,83548,1541623,3,8
2019,33,18-Aug-19,Shannon Perry,99346,2046,49513,43429,88151,95141,1366318,84018,765797,8,9
2019,34,25-Aug-19,Shannon Perry,89002,9716,35834,217978,74187,100636,0,68138,433763,3,9
2019,35,01-Sep-19,Shannon Perry,52006,3950,4607,39956,69125,191947,0,48638,999182,4,4
2019,36,08-Sep-19,Shannon Perry,162597,3214,19814,98762,13385,270285,1930714,9009,489964,7,1
2019,37,15-Sep-19,Shannon Perry,68699,7853,26278,138221,26521,219794,0,75670,341993,9,3
2019,38,22-Sep-19,Shannon Perry,0,22550,19150,45233,0,152769,0,31674,1999384,4,2
2019,39,29-Sep-19,Shannon Perry,177997,18079,43718,147564,36194,237173,0,76039,1989625,3,4
2019,40,06-Oct-19,Shannon Perry,196465,9038,4192,0,33905,39858,1601796,46525,1981736,6,8
2019,41,13-Oct-19,Shannon Perry,86402,15379,16103,194276,17177,120753,0,39994,353843,2,4
2019,42,20-Oct-19,Shannon Perry,220409,10234,27105,9904,19134,12143,0,33613,1288451,3,5
2019,43,27-Oct-19,Shannon Perry,208560,21260,14599,20815,6512,91624,938126,67391,0,8,7
2019,44,03-Nov-19,Shannon Perry,61430,1538,10372,61366,77862,54305,0,67552,1324577,9,2
2019,45,10-Nov-19,Shannon Perry,0,17212,47493,159983,83612,296890,0,57798,1742487,1,6
2019,46,17-Nov-19,Shannon Perry,119315,11831,33912,78661,31372,225398,0,58378,0,5,2
2019,47,24-Nov-19,Shannon Perry,48255,1485,19963,102380,5965,55710,1059115,0,1923929,7,7
2019,48,01-Dec-19,Shannon Perry,180057,16830,13945,25907,41804,192246,0,78096,0,2,7
2019,49,08-Dec-19,Shannon Perry,124341,16708,1180,149961,18012,103472,0,60596,0,3,5
2019,50,15-Dec-19,Shannon Perry,191241,22408,31554,182851,81319,290822,1991077,12723,718407,4,2
2019,51,22-Dec-19,Shannon Perry,159872,7224,22290,0,23845,55018,0,16565,0,2,9
2019,52,29-Dec-19,Shannon Perry,104780,10818,33297,106223,6183,292664,0,6424,811873,6,1
2020,1,05-Jan-20,Denis Hertz,0,2732,49915,201876,87424,221151,0,47510,0,1,1
2020,2,12-Jan-20,Denis Hertz,43280,20134,24179,189555,22797,129787,949739,49493,877834,9,9
2020,3,19-Jan-20,Denis Hertz,16429,1603,0,209577,15141,143441,0,13142,1111372,3,1
2020,4,26-Jan-20,Denis Hertz,121041,1705,42101,49019,30690,0,0,51106,1746695,9,4
2020,5,02-Feb-20,Denis Hertz,169782,0,24959,230404,54614,228973,0,25854,0,2,5
2020,6,09-Feb-20,Denis Hertz,59339,13924,42831,148343,42218,289563,0,6210,256372,10,7
2020,7,16-Feb-20,Denis Hertz,114089,18797,29475,194888,18639,65724,1676229,32480,530006,10,8
2020,8,23-Feb-20,Denis Hertz,0,1263,2578,98313,73576,260200,0,5467,0,8,2
2020,9,01-Mar-20,Denis Hertz,209751,13349,16907,84614,79823,16374,0,78382,0,0,9
2020,10,08-Mar-20,Denis Hertz,157232,9281,17178,91668,69289,213543,0,51782,0,3,2
2020,11,15-Mar-20,Denis Hertz,129563,1496,7194,227960,3644,139734,0,51991,0,3,6
2020,12,22-Mar-20,Denis Hertz,192725,11582,39971,84190,0,284241,201413,89894,1010436,3,3
2020,13,29-Mar-20,Denis Hertz,0,21175,44149,19598,31643,217190,0,32178,864142,1,10
2020,14,05-Apr-20,Denis Hertz,215197,9492,2562,209910,24730,63846,784172,10584,609363,6,2
2020,15,12-Apr-20,Denis Hertz,194747,5903,32174,65175,26647,34932,0,25240,0,3,10
2020,16,19-Apr-20,Denis Hertz,126396,2742,21802,185222,36391,172685,1745521,37208,1602264,1,2
2020,17,26-Apr-20,Denis Hertz,12300,22237,16519,158125,39504,87167,0,83135,1101640,3,7
2020,18,03-May-20,Denis Hertz,105189,7595,14332,101481,64903,11709,0,20564,539443,9,1
2020,19,10-May-20,Denis Hertz,104631,9181,47095,76348,48140,90029,1215380,11363,1777130,5,10
2020,20,17-May-20,Denis Hertz,0,12300,44829,30699,28340,251925,0,10555,1212005,3,8
2020,21,24-May-20,Denis Hertz,203496,2462,46356,32772,89665,135655,0,0,855574,5,2
2020,22,31-May-20,Denis Hertz,179530,13022,15922,173584,38388,267102,0,84465,0,3,3
2020,23,07-Jun-20,Denis Hertz,197576,19523,21011,42514,31088,280146,1966054,76930,1829788,5,10
2020,24,14-Jun-20,Denis Hertz,219988,15325,48277,189677,6074,94231,0,49516,693041,2,10
2020,25,21-Jun-20,Denis Hertz,67172,1331,45550,0,13531,180964,0,40516,0,3,2
2020,26,28-Jun-20,Denis Hertz,141531,1130,14775,70078,80207,55007,0,34237,0,4,8
2020,27,05-Jul-20,Denis Hertz,0,10682,18347,141571,85189,176237,0,74248,0,1,8
2020,28,12-Jul-20,Denis Hertz,16110,797,10061,107382,17593,242478,0,76317,1170813,10,10
2020,29,19-Jul-20,Denis Hertz,6460,964,0,174654,6244,71680,0,79598,963722,7,8
2020,30,26-Jul-20,Denis Hertz,71514,12798,2585,201597,5546,251603,0,50712,0,5,6
2020,31,02-Aug-20,Denis Hertz,58675,6088,11138,114788,0,92713,0,40019,0,0,5
2020,32,09-Aug-20,Denis Hertz,220350,4587,14433,12799,59703,211710,0,30127,760306,2,7
2020,33,16-Aug-20,Denis Hertz,59654,10031,11578,128251,37871,183103,0,53214,0,3,5
2020,34,23-Aug-20,Denis Hertz,67497,0,28951,71049,61444,25217,0,32681,353398,4,9
2020,35,30-Aug-20,Denis Hertz,0,10393,23581,127732,63119,298169,0,39951,0,0,5
2020,36,06-Sep-20,Denis Hertz,222188,1102,38247,139822,83349,146793,942504,66746,809489,6,3
2020,37,13-Sep-20,Denis Hertz,213476,17057,27248,113021,25646,185049,0,70218,0,0,3
2020,38,20-Sep-20,Denis Hertz,108009,1501,9976,87261,0,170984,0,85449,0,0,1
2020,39,27-Sep-20,Denis Hertz,214761,16579,35640,105031,72379,55468,0,18425,0,9,6
2020,40,04-Oct-20,Denis Hertz,58240,11437,38858,145208,34782,17260,1998698,43524,602817,1,3
2020,41,11-Oct-20,Denis Hertz,145038,7991,13110,123574,70985,92704,0,21068,1350455,10,10
2020,42,18-Oct-20,Denis Hertz,209642,18637,39711,195380,79311,245821,0,34755,0,5,7
2020,43,25-Oct-20,Denis Hertz,0,948,49549,113239,79977,284084,0,79605,0,9,2
2020,44,01-Nov-20,Denis Hertz,13169,20013,33024,101338,84946,210890,0,75294,259552,1,9
2020,45,08-Nov-20,Denis Hertz,41289,18252,7000,169370,14647,51925,0,8568,0,3,5
2020,46,15-Nov-20,Denis Hertz,4562,18704,19921,181038,67048,131172,0,23432,0,7,3
2020,47,22-Nov-20,Denis Hertz,23727,13759,34170,122537,78700,237426,289571,0,0,3,4
2020,48,29-Nov-20,Denis Hertz,198387,17705,35874,155335,46334,11447,0,49783,515138,5,10
2020,49,06-Dec-20,Denis Hertz,64515,6706,45056,21721,75404,236650,1015231,42714,1780483,1,2
2020,50,13-Dec-20,Denis Hertz,171521,19603,15452,186962,49352,80939,0,85945,1001098,6,9
2020,51,20-Dec-20,Denis Hertz,215279,2682,38703,0,82554,110915,0,30997,0,2,6
2020,52,27-Dec-20,Denis Hertz,210791,17836,21483,27432,36528,264776,0,15656,0,8,8
2020,1,05-Jan-20,John Smith,89690,13888,37443,242173,5620,27052,1473790,62834,0,3,4
2020,2,12-Jan-20,John Smith,200880,3256,27056,235153,35284,211634,0,27814,392277,1,4
2020,3,19-Jan-20,John Smith,169180,17522,0,37563,66286,268778,0,14473,0,4,6
2020,4,26-Jan-20,John Smith,212353,14621,24414,198564,25531,52799,0,50729,0,5,8
2020,5,02-Feb-20,John Smith,49442,0,48405,540,0,87462,0,60609,0,6,1
2020,6,09-Feb-20,John Smith,12468,8583,27278,125738,6177,133826,0,87792,503049,10,4
2020,7,16-Feb-20,John Smith,126538,22110,40400,198123,62209,155101,1488970,23548,1386282,9,8
2020,8,23-Feb-20,John Smith,200968,14600,48853,58849,53295,268453,0,7744,0,1,5
2020,9,01-Mar-20,John Smith,166628,11310,27665,124644,47902,14934,0,4242,0,1,7
2020,10,08-Mar-20,John Smith,181290,2469,27541,71096,23091,163890,0,42339,1694171,0,0
2020,11,15-Mar-20,John Smith,184761,7361,1213,56861,64232,260897,633950,49861,920934,3,4
2020,12,22-Mar-20,John Smith,0,20561,21058,133614,0,299231,0,85447,1039812,4,2
2020,13,29-Mar-20,John Smith,49160,21447,22053,22537,71130,99479,0,72435,0,4,5
2020,14,05-Apr-20,John Smith,26746,6967,49353,0,25953,41259,0,69411,0,5,1
2020,15,12-Apr-20,John Smith,6834,18748,2014,91853,68426,121712,930183,52450,0,7,4
2020,16,19-Apr-20,John Smith,112203,711,41482,67394,2065,174724,0,38948,0,2,7
2020,17,26-Apr-20,John Smith,82579,16125,7619,52485,3965,161037,770437,89785,0,7,4
2020,18,03-May-20,John Smith,181980,22722,16555,161471,65177,278416,956739,3951,1122887,6,4
2020,19,10-May-20,John Smith,0,7789,41505,187052,78742,293807,1388154,28258,304987,6,0
2020,20,17-May-20,John Smith,9450,4644,47605,131843,27649,45851,0,68531,0,2,0
2020,21,24-May-20,John Smith,221598,1958,32679,197549,14042,112145,1152263,0,0,1,3
2020,22,31-May-20,John Smith,228638,20192,11487,145019,52220,61410,0,78356,0,4,2
2020,23,07-Jun-20,John Smith,131570,12119,42761,133637,39462,150263,0,83588,1364314,2,8
2020,24,14-Jun-20,John Smith,65970,1291,30054,70826,24876,158389,0,50006,0,3,4
2020,25,21-Jun-20,John Smith,229416,3470,1812,0,13747,17236,0,12037,1700986,4,6
2020,26,28-Jun-20,John Smith,48070,15843,46192,87307,3187,253108,813903,64817,451104,0,4
2020,27,05-Jul-20,John Smith,112210,9411,533,151135,41825,30255,0,57075,0,1,4
2020,28,12-Jul-20,John Smith,54243,16328,17212,96201,8727,249024,0,53257,486798,8,3
2020,29,19-Jul-20,John Smith,161261,10054,0,10157,46074,20140,0,72518,0,8,0
2020,30,26-Jul-20,John Smith,199147,18872,13907,33932,17652,134682,0,34088,0,6,5
2020,31,02-Aug-20,John Smith,26937,3520,29642,238092,23548,30761,0,11261,0,9,5
2020,32,09-Aug-20,John Smith,154853,7002,7289,236352,67266,86446,264085,47502,0,6,5
2020,33,16-Aug-20,John Smith,215423,11305,21575,224263,11224,244130,0,47772,913162,7,4
2020,34,23-Aug-20,John Smith,200074,0,21884,37501,86007,164864,0,83106,0,10,1
2020,35,30-Aug-20,John Smith,37692,15800,24280,214786,69530,100890,0,58332,425631,0,1
2020,36,06-Sep-20,John Smith,22076,20969,46376,164828,25371,260768,0,20244,765915,10,2
2020,37,13-Sep-20,John Smith,173493,14391,45701,50023,23676,179823,0,60036,0,8,10
2020,38,20-Sep-20,John Smith,0,12455,3330,94614,0,203392,1973390,24213,1333577,0,6
2020,39,27-Sep-20,John Smith,177659,16006,41848,167560,67953,113763,0,69247,0,0,8
2020,40,04-Oct-20,John Smith,205340,8598,11175,143735,21106,58887,0,68052,0,8,2
2020,41,11-Oct-20,John Smith,94430,3713,49700,215230,3810,205835,0,21485,916048,9,2
2020,42,18-Oct-20,John Smith,117223,17116,35572,113867,49061,189558,0,30712,967579,7,4
2020,43,25-Oct-20,John Smith,48194,21223,9802,210002,20470,174396,0,8710,816204,1,4
2020,44,01-Nov-20,John Smith,147785,10004,26329,136712,31816,72691,0,38560,1690406,8,3
2020,45,08-Nov-20,John Smith,0,15355,48929,45028,32222,105881,0,6787,0,5,6
2020,46,15-Nov-20,John Smith,147666,7175,30413,67337,74440,26356,0,12529,0,8,7
2020,47,22-Nov-20,John Smith,205234,4017,8135,188538,48629,14349,0,11152,0,7,7
2020,48,29-Nov-20,John Smith,27398,21475,42568,58986,8161,126903,0,15161,0,7,2
2020,49,06-Dec-20,John Smith,187043,3925,4705,30127,67296,264451,1070958,70439,585402,8,1
2020,50,13-Dec-20,John Smith,109973,22357,44022,65962,30454,120320,1177493,57038,0,7,8
2020,51,20-Dec-20,John Smith,203432,14060,43263,0,70753,238660,392134,60605,841947,1,4
2020,52,27-Dec-20,John Smith,148511,13263,2454,800,76218,128281,0,66290,413019,0,8
2020,1,05-Jan-20,Liz Saunders,115712,15427,24655,110829,45412,288739,1394002,66369,0,3,8
2020,2,12-Jan-20,Liz Saunders,155316,7089,46889,26771,80434,288668,0,60357,1666668,3,3
2020,3,19-Jan-20,Liz Saunders,64668,14778,0,111764,42361,223220,0,17883,1256056,1,5
2020,4,26-Jan-20,Liz Saunders,135748,11281,25480,83046,16157,276083,0,74797,318773,1,2
2020,5,02-Feb-20,Liz Saunders,90219,0,22609,203775,76904,29511,0,63026,215850,6,6
2020,6,09-Feb-20,Liz Saunders,165293,8304,39900,146959,6191,215341,0,59143,0,5,6
2020,7,16-Feb-20,Liz Saunders,209278,2241,23537,161542,61499,111298,0,59643,1694781,3,4
2020,8,23-Feb-20,Liz Saunders,201366,0,12383,12299,12974,168380,0,14595,0,3,4
2020,9,01-Mar-20,Liz Saunders,135963,1461,22640,176928,39353,188247,1917759,15948,558724,6,9
2020,10,08-Mar-20,Liz Saunders,129406,5896,20197,200023,18192,205513,0,77808,0,0,8
2020,11,15-Mar-20,Liz Saunders,33115,10366,39078,3480,65329,65043,0,49443,610878,3,8
2020,12,22-Mar-20,Liz Saunders,0,5332,49475,36453,0,286505,1033306,53841,0,10,6
2020,13,29-Mar-20,Liz Saunders,195069,13007,4747,82018,36608,196679,0,42083,0,2,6
2020,14,05-Apr-20,Liz Saunders,209890,22980,7945,220481,16795,66731,1553078,5562,621304,2,9
2020,15,12-Apr-20,Liz Saunders,158700,9358,43672,232690,44838,117338,0,44274,0,2,2
2020,16,19-Apr-20,Liz Saunders,141542,2819,33539,132809,59265,280681,0,4162,1490264,5,2
2020,17,26-Apr-20,Liz Saunders,208434,19684,46092,73771,42269,249194,0,62497,702425,9,3
2020,18,03-May-20,Liz Saunders,53901,16922,38059,233100,20068,209443,0,87662,261784,7,9
2020,19,10-May-20,Liz Saunders,0,10113,34338,60012,54096,245590,813254,55194,1935683,4,7
2020,20,17-May-20,Liz Saunders,54513,17536,47868,149615,84893,213820,0,22021,0,7,6
2020,21,24-May-20,Liz Saunders,52604,4279,7518,183949,5840,98381,0,0,0,2,7
2020,22,31-May-20,Liz Saunders,22615,7055,16918,57850,44126,64954,475975,79058,0,9,1
2020,23,07-Jun-20,Liz Saunders,152160,16271,14545,166308,61133,223239,0,32194,1176855,3,6
2020,24,14-Jun-20,Liz Saunders,228017,15692,42593,139864,53786,248940,812892,30531,0,7,2
2020,25,21-Jun-20,Liz Saunders,139224,22321,25083,0,88182,291302,1640267,30339,0,4,10
2020,26,28-Jun-20,Liz Saunders,68450,12688,28589,170238,72000,176504,0,33616,1963445,1,9
2020,27,05-Jul-20,Liz Saunders,37857,6567,21598,18970,42679,59148,0,14877,0,2,9
2020,28,12-Jul-20,Liz Saunders,24224,17411,14917,124764,61865,228467,0,30792,0,4,0
2020,29,19-Jul-20,Liz Saunders,28573,7260,0,47731,74188,219119,0,33143,0,5,9
2020,30,26-Jul-20,Liz Saunders,119759,22620,35664,170740,7542,165993,0,71705,421363,8,9
2020,31,02-Aug-20,Liz Saunders,104427,16093,27547,11435,77332,17223,0,89434,1094806,9,5
2020,32,09-Aug-20,Liz Saunders,147896,758,41081,28268,56907,122970,450018,60216,0,8,5
2020,33,16-Aug-20,Liz Saunders,149252,5591,33664,27876,60292,296221,0,26995,0,5,4
2020,34,23-Aug-20,Liz Saunders,151759,17981,37862,184451,61990,255575,0,52727,1347829,10,1
2020,35,30-Aug-20,Liz Saunders,184509,992,20852,45321,16600,118980,0,29243,0,10,5
2020,36,06-Sep-20,Liz Saunders,191735,13905,20371,214231,60345,190690,858685,30771,0,6,9
2020,37,13-Sep-20,Liz Saunders,153681,7845,36944,108526,27077,200341,0,27060,679331,10,4
2020,38,20-Sep-20,Liz Saunders,0,19654,18446,31825,0,110681,0,88472,1034751,0,0
2020,39,27-Sep-20,Liz Saunders,147859,18609,31291,179541,67473,194098,0,37139,0,4,5
2020,40,04-Oct-20,Liz Saunders,79763,6674,30857,180857,39674,44530,0,79736,0,1,10
2020,41,11-Oct-20,Liz Saunders,93705,3501,34736,241029,51950,49919,1540123,3014,0,9,3
2020,42,18-Oct-20,Liz Saunders,223790,10237,41404,175650,65171,49438,0,53739,334883,10,10
2020,43,25-Oct-20,Liz Saunders,189881,3244,47403,223555,11019,38571,0,82008,0,7,5
2020,44,01-Nov-20,Liz Saunders,99677,9537,7655,123217,80593,277636,0,8122,1528731,0,7
2020,45,08-Nov-20,Liz Saunders,0,13626,25553,130800,53488,134638,0,59873,0,2,5
2020,46,15-Nov-20,Liz Saunders,83000,10185,47970,200656,70661,59146,699988,87988,0,2,8
2020,47,22-Nov-20,Liz Saunders,74070,20290,39854,247784,59575,277406,0,0,467024,6,2
2020,48,29-Nov-20,Liz Saunders,91253,21917,30215,187201,77591,207939,0,62028,0,5,5
2020,49,06-Dec-20,Liz Saunders,188368,10584,28224,45521,27447,126060,0,50337,0,6,10
2020,50,13-Dec-20,Liz Saunders,216244,6768,41977,195724,57957,211793,0,79834,0,7,7
2020,51,20-Dec-20,Liz Saunders,166789,18450,38477,0,5460,12761,0,12952,1489972,10,10
2020,52,27-Dec-20,Liz Saunders,203872,2027,42781,154047,37092,240481,1598008,54650,658947,4,10
2020,1,05-Jan-20,Mark Clarkson,80189,21649,38975,184421,50456,239940,0,14592,0,2,6
2020,2,12-Jan-20,Mark Clarkson,99892,17429,47615,74521,87191,73572,0,71997,1458391,9,3
2020,3,19-Jan-20,Mark Clarkson,159324,17404,0,215065,24041,111065,0,18056,1191240,3,3
2020,4,26-Jan-20,Mark Clarkson,193184,11073,47225,151577,18220,0,228813,84504,564828,5,2
2020,5,02-Feb-20,Mark Clarkson,9023,0,11161,49714,54908,34692,0,64875,0,7,3
2020,6,09-Feb-20,Mark Clarkson,117091,4561,20664,96653,31146,230582,0,89978,657934,6,8
2020,7,16-Feb-20,Mark Clarkson,129027,6654,3676,184639,54816,157568,0,22519,416640,5,8
2020,8,23-Feb-20,Mark Clarkson,134617,0,42783,194890,26319,253885,0,15016,702571,9,2
2020,9,01-Mar-20,Mark Clarkson,31566,628,18461,50741,51609,56545,1629396,10518,0,5,10
2020,10,08-Mar-20,Mark Clarkson,207177,3856,31461,185614,17419,65186,0,56236,0,2,4
2020,11,15-Mar-20,Mark Clarkson,188396,16018,10008,89859,25293,132234,0,49178,0,0,7
2020,12,22-Mar-20,Mark Clarkson,0,16098,42837,92889,0,277475,0,84423,0,9,2
2020,13,29-Mar-20,Mark Clarkson,99967,5413,8525,245042,4948,268696,0,87868,883383,0,9
2020,14,05-Apr-20,Mark Clarkson,204386,13564,47255,0,60185,51923,1736482,65839,985728,8,5
2020,15,12-Apr-20,Mark Clarkson,183321,8922,38509,212644,82859,153886,0,41237,1090604,3,3
2020,16,19-Apr-20,Mark Clarkson,29739,913,41853,8651,44491,286654,0,84002,810774,10,1
2020,17,26-Apr-20,Mark Clarkson,214004,9197,36502,192040,34994,122260,0,78125,1991790,10,8
2020,18,03-May-20,Mark Clarkson,143720,11152,3507,7677,9872,289895,1342336,32509,0,10,3
2020,19,10-May-20,Mark Clarkson,0,9969,31517,78057,8934,115486,0,43695,0,7,9
2020,20,17-May-20,Mark Clarkson,124791,2170,12251,132201,23548,21781,0,12717,0,0,1
2020,21,24-May-20,Mark Clarkson,138230,12113,18973,229159,85626,287416,0,0,0,2,0
2020,22,31-May-20,Mark Clarkson,67282,8378,27092,9851,25166,242024,0,65752,1694609,2,1
2020,23,07-Jun-20,Mark Clarkson,93362,10869,29822,5148,50827,246102,0,87186,0,10,6
2020,24,14-Jun-20,Mark Clarkson,227253,12028,12690,129139,33959,277926,1109725,60735,0,6,3
2020,25,21-Jun-20,Mark Clarkson,115773,8782,33604,0,5098,80695,927692,21116,0,3,3
2020,26,28-Jun-20,Mark Clarkson,223606,7189,49729,61328,3093,11846,0,77097,0,3,3
2020,27,05-Jul-20,Mark Clarkson,123184,12072,37712,10414,44343,23955,0,13407,300576,2,9
2020,28,12-Jul-20,Mark Clarkson,197699,1894,39834,95931,77748,11632,0,55816,526446,8,9
2020,29,19-Jul-20,Mark Clarkson,221674,9390,0,65872,61766,82503,0,89872,0,0,10
2020,30,26-Jul-20,Mark Clarkson,118993,795,30158,186197,89428,72717,0,24683,1373476,3,10
2020,31,02-Aug-20,Mark Clarkson,78784,0,7177,131937,13529,85462,750486,32332,858608,3,1
2020,32,09-Aug-20,Mark Clarkson,176759,11791,29302,143034,53169,255066,0,41186,1697086,0,3
2020,33,16-Aug-20,Mark Clarkson,141452,8220,41435,186433,8719,60580,0,81494,0,1,5
2020,34,23-Aug-20,Mark Clarkson,138953,9896,44532,137279,39945,133944,0,49737,0,3,9
2020,35,30-Aug-20,Mark Clarkson,92235,14490,3721,193145,15705,230434,0,44252,0,7,6
2020,36,06-Sep-20,Mark Clarkson,49150,21191,8800,181206,10314,31401,0,34515,0,6,5
2020,37,13-Sep-20,Mark Clarkson,137272,14835,13577,233777,61148,242303,225109,79161,0,10,1
2020,38,20-Sep-20,Mark Clarkson,198033,7671,29539,211321,0,156561,0,53460,1164107,10,2
2020,39,27-Sep-20,Mark Clarkson,219809,10355,27006,192111,54127,245802,0,28474,411129,1,6
2020,40,04-Oct-20,Mark Clarkson,139499,20421,42153,80409,15857,37453,0,84239,724597,3,9
2020,41,11-Oct-20,Mark Clarkson,12255,1912,3497,137984,19008,98302,0,33985,916635,3,2
2020,42,18-Oct-20,Mark Clarkson,90544,22228,30762,213602,17835,116689,679281,17164,0,6,4
2020,43,25-Oct-20,Mark Clarkson,23272,14203,48885,43133,82849,84802,0,27923,0,2,8
2020,44,01-Nov-20,Mark Clarkson,138570,19894,21438,75000,9261,265574,0,68966,404545,8,9
2020,45,08-Nov-20,Mark Clarkson,0,17307,44917,87648,87476,56608,0,23272,0,4,0
2020,46,15-Nov-20,Mark Clarkson,122026,4752,49855,241528,56399,127991,0,3382,1632452,5,9
2020,47,22-Nov-20,Mark Clarkson,77830,2742,6656,215686,73357,209404,0,10719,954884,6,1
2020,48,29-Nov-20,Mark Clarkson,9877,12749,46669,63256,13928,249820,0,49041,777695,0,6
2020,49,06-Dec-20,Mark Clarkson,109851,16645,26757,145678,55290,279805,1477781,77645,585550,5,8
2020,50,13-Dec-20,Mark Clarkson,179696,1912,14152,123320,72367,99081,0,6309,0,6,2
2020,51,20-Dec-20,Mark Clarkson,226750,5704,23608,0,73788,298866,373223,66146,1574915,7,1
2020,52,27-Dec-20,Mark Clarkson,71793,2200,30562,53155,14793,28300,704222,89892,0,10,4
2020,1,05-Jan-20,Shannon Perry,136906,15364,19598,191476,63004,41774,1811107,68837,1538054,3,4
2020,2,12-Jan-20,Shannon Perry,3494,7651,25568,35023,68030,97589,0,58394,0,2,9
2020,3,19-Jan-20,Shannon Perry,53001,1396,0,6859,14762,197352,1897213,85302,0,8,6
2020,4,26-Jan-20,Shannon Perry,188463,16932,11038,220956,18765,238373,0,18100,276055,1,6
2020,5,02-Feb-20,Shannon Perry,223331,942,49617,164034,6446,242548,0,2748,0,6,4
2020,6,09-Feb-20,Shannon Perry,40561,4595,33396,52065,60810,33435,0,14390,0,7,8
2020,7,16-Feb-20,Shannon Perry,76853,13755,36866,205677,69034,198080,459210,32346,0,2,4
2020,8,23-Feb-20,Shannon Perry,163134,0,35992,138081,11143,233630,0,59032,0,10,10
2020,9,01-Mar-20,Shannon Perry,95694,14854,20021,175968,34418,111477,0,84146,0,5,2
2020,10,08-Mar-20,Shannon Perry,23038,9521,36756,20867,3372,91750,1079619,74760,0,1,2
2020,11,15-Mar-20,Shannon Perry,121552,17460,37910,85179,79039,24769,0,20369,1500276,9,10
2020,12,22-Mar-20,Shannon Perry,0,8973,27889,208909,0,197343,0,30029,785707,8,2
2020,13,29-Mar-20,Shannon Perry,78755,3375,34826,176323,4384,159716,0,84380,0,9,5
2020,14,05-Apr-20,Shannon Perry,213476,3326,9389,62401,32708,123929,849974,30586,1109414,6,0
2020,15,12-Apr-20,Shannon Perry,3632,20347,5525,138770,65847,180636,0,15930,1552710,5,6
2020,16,19-Apr-20,Shannon Perry,8104,21098,33063,205563,87411,42654,0,66896,0,8,6
2020,17,26-Apr-20,Shannon Perry,99095,7555,17653,73202,21351,138126,0,84559,0,2,0
2020,18,03-May-20,Shannon Perry,220720,22534,16586,202983,86423,35289,0,17355,0,2,0
2020,19,10-May-20,Shannon Perry,0,7014,2387,98916,23703,254481,0,86662,0,7,9
2020,20,17-May-20,Shannon Perry,166004,2130,3078,237554,48143,126831,620151,3270,0,10,0
2020,21,24-May-20,Shannon Perry,229200,10705,32399,115914,82176,26710,0,0,0,0,3
2020,22,31-May-20,Shannon Perry,94589,19394,32973,85113,3212,217618,0,67162,1037190,6,9
2020,23,07-Jun-20,Shannon Perry,195244,10803,10325,234437,57883,51027,1625080,50593,0,1,5
2020,24,14-Jun-20,Shannon Perry,192299,14961,37703,5908,20336,162046,0,13392,0,7,0
2020,25,21-Jun-20,Shannon Perry,51735,3176,8925,0,3858,273616,0,26428,1157472,7,0
2020,26,28-Jun-20,Shannon Perry,181024,22850,45056,204260,42103,220313,0,82305,319239,8,4
2020,27,05-Jul-20,Shannon Perry,37468,13421,10059,236215,33188,285282,434390,34537,0,5,3
2020,28,12-Jul-20,Shannon Perry,196581,13455,39583,140989,79587,21652,0,18135,652140,7,8
2020,29,19-Jul-20,Shannon Perry,86348,15210,0,181484,40887,297827,0,38067,379740,1,1
2020,30,26-Jul-20,Shannon Perry,69546,5012,2617,38430,14879,0,0,3438,0,6,9
2020,31,02-Aug-20,Shannon Perry,164907,0,31373,26795,15436,161132,0,29676,1085778,2,7
2020,32,09-Aug-20,Shannon Perry,10699,9498,40673,25926,32185,20340,0,34309,0,9,6
2020,33,16-Aug-20,Shannon Perry,54136,9084,38251,12552,79349,99934,0,82789,0,8,2
2020,34,23-Aug-20,Shannon Perry,90700,11735,15472,200458,8023,223315,0,56712,0,9,2
2020,35,30-Aug-20,Shannon Perry,210235,5006,45927,6118,49304,241746,0,81248,1784199,5,10
2020,36,06-Sep-20,Shannon Perry,136909,22718,14876,152144,57520,221626,0,5046,677482,0,6
2020,37,13-Sep-20,Shannon Perry,163839,15707,24279,26079,39111,282939,0,37162,0,3,6
2020,38,20-Sep-20,Shannon Perry,0,12194,3988,141916,71978,183826,587134,44385,0,9,6
2020,39,27-Sep-20,Shannon Perry,168420,13425,18789,115816,24720,239315,0,73928,0,1,4
2020,40,04-Oct-20,Shannon Perry,122014,21951,31184,237800,16432,269404,1479207,40799,1016560,3,7
2020,41,11-Oct-20,Shannon Perry,137232,16316,16734,232575,25526,14355,0,49429,919869,1,2
2020,42,18-Oct-20,Shannon Perry,82063,13933,7616,23934,38892,167704,1960148,53249,0,0,4
2020,43,25-Oct-20,Shannon Perry,180937,8253,44442,90522,45162,58093,552734,88854,1675555,5,10
2020,44,01-Nov-20,Shannon Perry,105238,21206,8465,79121,30776,252562,1256975,77322,998936,0,3
2020,45,08-Nov-20,Shannon Perry,0,13352,20991,146721,77489,103834,1246730,83454,0,7,10
2020,46,15-Nov-20,Shannon Perry,179878,8878,40758,9744,44358,295403,0,23391,1244067,2,8
2020,47,22-Nov-20,Shannon Perry,202388,20058,48868,58201,89464,287818,0,11729,1589954,0,2
2020,48,29-Nov-20,Shannon Perry,65086,1119,48073,89924,8464,131852,943338,36105,0,3,5
2020,49,06-Dec-20,Shannon Perry,97999,14337,22792,208144,84565,45342,1219764,66126,805032,6,1
2020,50,13-Dec-20,Shannon Perry,191773,722,24172,24138,86190,160218,1917124,4350,0,9,9
2020,51,20-Dec-20,Shannon Perry,140566,4022,24587,60811,0,74029,0,0,0,9,10
2020,52,27-Dec-20,Shannon Perry,150606,8744,4763,0,68150,287268,283531,72167,0,4,0
